
  {
    "team_id": "1009",
    "clock": "16:15:03",
    "yaw": 360.02,
    "pitch": 120.00,
    "roll": 212.22,
    "gps_latitude": -7.765945,
    "gps_longitude": 110.371374,
    "voltage": 12,
    "pressure": 1200,
    "altitude": 800
  }

  